Account Number,Zip code
6.57785E+11,564326
6.57783E+11,987456
6.57783E+11,765342
6.57785E+11,997123
